{"joint_accuracy": 0.6688283139151462, "act_rec": 0.8189712024620796, "act_prec": 0.8513482632541134, "act_f1": 0.8348459383753503, "slot_rec": 0.8122119815668203, "slot_prec": 0.7971833881578947, "slot_f1": 0.8046275160821746}