{"joint_accuracy": 0.5412026726057907, "act_rec": 0.732739420935412, "act_prec": 0.7707041477194433, "act_f1": 0.751242444593687, "slot_rec": 0.74645207325775, "slot_prec": 0.7578074694140373, "slot_f1": 0.7520869113711707}