{"joint_accuracy": 0.5287567142669986, "act_rec": 0.7281540678632255, "act_prec": 0.7682100898410504, "act_f1": 0.7476459510357816, "slot_rec": 0.7407436771584873, "slot_prec": 0.7389275545713382, "slot_f1": 0.739834501326365}