{"joint_accuracy": 0.6630028577709387, "act_rec": 0.8187513739283359, "act_prec": 0.8514115898959881, "act_f1": 0.8347621448983022, "slot_rec": 0.8069752827817344, "slot_prec": 0.7871079783430381, "slot_f1": 0.7969178259295652}