{"joint_accuracy": 0.6711365135194548, "act_rec": 0.823477687403825, "act_prec": 0.8552511415525114, "act_f1": 0.8390637249412027, "slot_rec": 0.8130498533724341, "slot_prec": 0.7990735975295934, "slot_f1": 0.806001142085864}