{"joint_accuracy": 0.5444779248002096, "act_rec": 0.7352286126031704, "act_prec": 0.7738554881412024, "act_f1": 0.754047699025865, "slot_rec": 0.7512090700071355, "slot_prec": 0.7561248104700343, "slot_f1": 0.7536589245943367}